{
  "1": 0.03721713399887085,
  "2": 6.41176700592041e-05,
  "3": 1.1404565960392357
}