{
  "0.0": {
    "epsilon": 0.0,
    "accuracy": 0.668,
    "mean_ig_1": 0.03734511137008667,
    "mean_ig_2": -7.233309745788574e-05,
    "mean_ig_3": 1.1509517114870251,
    "deferral_rate_1": 0.33,
    "deferral_rate_2": 0.496,
    "deferral_rate_3": 0.08,
    "precision_step3": 1.0,
    "recall_step3": 0.19607843137254902,
    "tp3": 40,
    "fp3": 0,
    "fn3": 164,
    "tn3": 296
  },
  "0.01": {
    "epsilon": 0.01,
    "accuracy": 0.67,
    "mean_ig_1": 0.03734511137008667,
    "mean_ig_2": -3.716301918029785e-05,
    "mean_ig_3": 1.1530778580270709,
    "deferral_rate_1": 0.374,
    "deferral_rate_2": 0.68,
    "deferral_rate_3": 0.08,
    "precision_step3": 1.0,
    "recall_step3": 0.19704433497536947,
    "tp3": 40,
    "fp3": 0,
    "fn3": 163,
    "tn3": 297
  },
  "0.05": {
    "epsilon": 0.05,
    "accuracy": 0.688,
    "mean_ig_1": 0.03734511137008667,
    "mean_ig_2": -1.8514156341552734e-05,
    "mean_ig_3": 1.1585861741378904,
    "deferral_rate_1": 0.548,
    "deferral_rate_2": 0.966,
    "deferral_rate_3": 0.092,
    "precision_step3": 1.0,
    "recall_step3": 0.23115577889447236,
    "tp3": 46,
    "fp3": 0,
    "fn3": 153,
    "tn3": 301
  },
  "0.1": {
    "epsilon": 0.1,
    "accuracy": 0.718,
    "mean_ig_1": 0.03734511137008667,
    "mean_ig_2": -2.995014190673828e-06,
    "mean_ig_3": 1.1780658730752767,
    "deferral_rate_1": 0.754,
    "deferral_rate_2": 0.996,
    "deferral_rate_3": 0.1,
    "precision_step3": 1.0,
    "recall_step3": 0.2631578947368421,
    "tp3": 50,
    "fp3": 0,
    "fn3": 140,
    "tn3": 310
  },
  "0.5": {
    "epsilon": 0.5,
    "accuracy": 0.83,
    "mean_ig_1": 0.03734511137008667,
    "mean_ig_2": -6.549906730651856e-05,
    "mean_ig_3": 1.1949482005797327,
    "deferral_rate_1": 1.0,
    "deferral_rate_2": 1.0,
    "deferral_rate_3": 0.198,
    "precision_step3": 1.0,
    "recall_step3": 0.5380434782608695,
    "tp3": 99,
    "fp3": 0,
    "fn3": 85,
    "tn3": 316
  }
}