{
  "0.0": {
    "epsilon": 0.0,
    "accuracy": 0.71,
    "mean_ig_1": 0.0,
    "mean_ig_2": 0.0,
    "mean_ig_3": 1.1949482005797327,
    "deferral_rate_1": 1.0,
    "deferral_rate_2": 1.0,
    "deferral_rate_3": 0.078,
    "precision_step3": 1.0,
    "recall_step3": 0.21195652173913043,
    "tp3": 39,
    "fp3": 0,
    "fn3": 145,
    "tn3": 316
  },
  "0.01": {
    "epsilon": 0.01,
    "accuracy": 0.71,
    "mean_ig_1": 0.0,
    "mean_ig_2": 0.0,
    "mean_ig_3": 1.1949482005797327,
    "deferral_rate_1": 1.0,
    "deferral_rate_2": 1.0,
    "deferral_rate_3": 0.078,
    "precision_step3": 1.0,
    "recall_step3": 0.21195652173913043,
    "tp3": 39,
    "fp3": 0,
    "fn3": 145,
    "tn3": 316
  },
  "0.05": {
    "epsilon": 0.05,
    "accuracy": 0.722,
    "mean_ig_1": 0.0,
    "mean_ig_2": 0.0,
    "mean_ig_3": 1.1949482005797327,
    "deferral_rate_1": 1.0,
    "deferral_rate_2": 1.0,
    "deferral_rate_3": 0.09,
    "precision_step3": 1.0,
    "recall_step3": 0.24456521739130435,
    "tp3": 45,
    "fp3": 0,
    "fn3": 139,
    "tn3": 316
  },
  "0.1": {
    "epsilon": 0.1,
    "accuracy": 0.732,
    "mean_ig_1": 0.0,
    "mean_ig_2": 0.0,
    "mean_ig_3": 1.1949482005797327,
    "deferral_rate_1": 1.0,
    "deferral_rate_2": 1.0,
    "deferral_rate_3": 0.1,
    "precision_step3": 1.0,
    "recall_step3": 0.2717391304347826,
    "tp3": 50,
    "fp3": 0,
    "fn3": 134,
    "tn3": 316
  },
  "0.5": {
    "epsilon": 0.5,
    "accuracy": 0.83,
    "mean_ig_1": 0.0,
    "mean_ig_2": 0.0,
    "mean_ig_3": 1.1949482005797327,
    "deferral_rate_1": 1.0,
    "deferral_rate_2": 1.0,
    "deferral_rate_3": 0.198,
    "precision_step3": 1.0,
    "recall_step3": 0.5380434782608695,
    "tp3": 99,
    "fp3": 0,
    "fn3": 85,
    "tn3": 316
  }
}